<?xml version="1.0" encoding="UTF-8"?>
<!DOCTYPE mapper PUBLIC "-//mybatis.org//DTD Mapper 3.0//EN" "http://mybatis.org/dtd/mybatis-3-mapper.dtd">
<mapper namespace="com.dada.mapper.SysPermissionMapper">

  <resultMap id="BaseResultMap" type="com.dada.entity.sys.SysPermission">

    <id column="id" jdbcType="INTEGER" property="id" />
    <result column="parent_id" jdbcType="VARCHAR" property="parentId" />
    <result column="resources" jdbcType="VARCHAR" property="resources" />
    <result column="title" jdbcType="VARCHAR" property="title" />
    <result column="level" jdbcType="INTEGER" property="level" />
    <result column="sort_no" jdbcType="INTEGER" property="sortNo" />
    <result column="icon" jdbcType="VARCHAR" property="icon" />
    <result column="type" jdbcType="VARCHAR" property="type" />
    <result column="remarks" jdbcType="VARCHAR" property="remarks" />
    <result column="create_time" jdbcType="TIMESTAMP" property="createTime" />
    <result column="update_time" jdbcType="TIMESTAMP" property="updateTime" />
  </resultMap>

  <select id="findList" parameterType="com.dada.entity.sys.SysPermission" resultMap="BaseResultMap">
    SELECT * FROM sys_permission t
    WHERE 1=1
  </select>

  <select id="findListByRoleId" parameterType="java.lang.String" resultMap="BaseResultMap">
    SELECT
      t2.*
    FROM
      sys_role_permission t
        LEFT JOIN sys_permission t2 ON t.permission_id = t2.id
    WHERE
      t.role_id = #{id}
  </select>

  <select id="listTreePermission" parameterType="com.dada.entity.sys.SysPermission" resultMap="BaseResultMap">
    SELECT * FROM sys_permission t
    WHERE 1=1
  </select>
</mapper>