<?xml version="1.0" encoding="UTF-8"?>
<!DOCTYPE mapper PUBLIC "-//mybatis.org//DTD Mapper 3.0//EN" "http://mybatis.org/dtd/mybatis-3-mapper.dtd">
<mapper namespace="com.dada.mapper.SysRolePermissionMapper">
  <resultMap id="BaseResultMap" type="com.dada.entity.sys.SysRolePermission">
    <!--@mbg.generated-->
    <id column="id" jdbcType="INTEGER" property="id" />
    <result column="role_id" jdbcType="VARCHAR" property="roleId" />
    <result column="permission_id" jdbcType="VARCHAR" property="permissionId" />
    <result column="create_time" jdbcType="TIMESTAMP" property="createTime" />
    <result column="update_time" jdbcType="TIMESTAMP" property="updateTime" />
  </resultMap>
  <sql id="Base_Column_List">
    <!--@mbg.generated-->
    id, role_id, permission_id, create_time, update_time
  </sql>
</mapper>