<?xml version="1.0" encoding="UTF-8"?>
<!DOCTYPE mapper PUBLIC "-//mybatis.org//DTD Mapper 3.0//EN" "http://mybatis.org/dtd/mybatis-3-mapper.dtd">
<mapper namespace="com.dada.mapper.SysUserMapper">
  <resultMap id="BaseResultMap" type="com.dada.entity.sys.SysUser">
    <!--@mbg.generated-->
    <id column="id" jdbcType="INTEGER" property="id" />
    <result column="username" jdbcType="VARCHAR" property="username" />
    <result column="pwd" jdbcType="VARCHAR" property="pwd" />
    <result column="nick_name" jdbcType="VARCHAR" property="nickName" />
    <result column="sex" jdbcType="VARCHAR" property="sex" />
    <result column="phone" jdbcType="VARCHAR" property="phone" />
    <result column="email" jdbcType="VARCHAR" property="email" />
    <result column="avatar" jdbcType="VARCHAR" property="avatar" />
    <result column="flag" jdbcType="VARCHAR" property="flag" />
    <result column="create_time" jdbcType="TIMESTAMP" property="createTime" />
    <result column="update_time" jdbcType="TIMESTAMP" property="updateTime" />
  </resultMap>
  <sql id="Base_Column_List">
    <!--@mbg.generated-->
    id, username, pwd, nick_name, sex, phone, email, avatar, flag, create_time, update_time
  </sql>
</mapper>