<?xml version="1.0" encoding="UTF-8"?>
<!DOCTYPE mapper PUBLIC "-//mybatis.org//DTD Mapper 3.0//EN" "http://mybatis.org/dtd/mybatis-3-mapper.dtd">
<mapper namespace="com.dada.mapper.SysUserRoleMapper">
  <resultMap id="BaseResultMap" type="com.dada.entity.sys.SysUserRole">
    <!--@mbg.generated-->
    <id column="id" jdbcType="INTEGER" property="id" />
    <result column="user_id" jdbcType="VARCHAR" property="userId" />
    <result column="role_id" jdbcType="VARCHAR" property="roleId" />
    <result column="create_time" jdbcType="TIMESTAMP" property="createTime" />
    <result column="update_time" jdbcType="TIMESTAMP" property="updateTime" />
  </resultMap>
  <sql id="Base_Column_List">
    <!--@mbg.generated-->
    id, user_id, role_id, create_time, update_time
  </sql>
</mapper>